[
    {
        "nat_cd": "275",
        "nat_name": "미국",
        "visit_cnt": 62737,
        "yyyymm": "201901"
    },
    {
        "nat_cd": "275",
        "nat_name": "미국",
        "visit_cnt": 57732,
        "yyyymm": "201902"
    },
    {
        "nat_cd": "275",
        "nat_name": "미국",
        "visit_cnt": 84275,
        "yyyymm": "201903"
    },
    {
        "nat_cd": "275",
        "nat_name": "미국",
        "visit_cnt": 102524,
        "yyyymm": "201904"
    },
    {
        "nat_cd": "275",
        "nat_name": "미국",
        "visit_cnt": 95815,
        "yyyymm": "201905"
    },
    {
        "nat_cd": "275",
        "nat_name": "미국",
        "visit_cnt": 105398,
        "yyyymm": "201906"
    },
    {
        "nat_cd": "275",
        "nat_name": "미국",
        "visit_cnt": 97428,
        "yyyymm": "201907"
    },
    {
        "nat_cd": "275",
        "nat_name": "미국",
        "visit_cnt": 86586,
        "yyyymm": "201908"
    },
    {
        "nat_cd": "275",
        "nat_name": "미국",
        "visit_cnt": 90819,
        "yyyymm": "201909"
    },
    {
        "nat_cd": "275",
        "nat_name": "미국",
        "visit_cnt": 101099,
        "yyyymm": "201910"
    },
    {
        "nat_cd": "275",
        "nat_name": "미국",
        "visit_cnt": 82238,
        "yyyymm": "201911"
    },
    {
        "nat_cd": "275",
        "nat_name": "미국",
        "visit_cnt": 77387,
        "yyyymm": "201912"
    },
    {
        "nat_cd": "275",
        "nat_name": "미국",
        "visit_cnt": 67255,
        "yyyymm": "202001"
    },
    {
        "nat_cd": "275",
        "nat_name": "미국",
        "visit_cnt": 42439,
        "yyyymm": "202002"
    },
    {
        "nat_cd": "275",
        "nat_name": "미국",
        "visit_cnt": 10570,
        "yyyymm": "202003"
    },
    {
        "nat_cd": "275",
        "nat_name": "미국",
        "visit_cnt": 6417,
        "yyyymm": "202004"
    },
    {
        "nat_cd": "275",
        "nat_name": "미국",
        "visit_cnt": 8735,
        "yyyymm": "202005"
    },
    {
        "nat_cd": "275",
        "nat_name": "미국",
        "visit_cnt": 9717,
        "yyyymm": "202006"
    },
    {
        "nat_cd": "275",
        "nat_name": "미국",
        "visit_cnt": 11922,
        "yyyymm": "202007"
    },
    {
        "nat_cd": "275",
        "nat_name": "미국",
        "visit_cnt": 13368,
        "yyyymm": "202008"
    },
    {
        "nat_cd": "275",
        "nat_name": "미국",
        "visit_cnt": 12426,
        "yyyymm": "202009"
    },
    {
        "nat_cd": "275",
        "nat_name": "미국",
        "visit_cnt": 12366,
        "yyyymm": "202010"
    },
    {
        "nat_cd": "275",
        "nat_name": "미국",
        "visit_cnt": 13100,
        "yyyymm": "202011"
    },
    {
        "nat_cd": "275",
        "nat_name": "미국",
        "visit_cnt": 12102,
        "yyyymm": "202012"
    },
    {
        "nat_cd": "275",
        "nat_name": "미국",
        "visit_cnt": 12013,
        "yyyymm": "202101"
    },
    {
        "nat_cd": "275",
        "nat_name": "미국",
        "visit_cnt": 11212,
        "yyyymm": "202102"
    },
    {
        "nat_cd": "275",
        "nat_name": "미국",
        "visit_cnt": 12321,
        "yyyymm": "202103"
    },
    {
        "nat_cd": "275",
        "nat_name": "미국",
        "visit_cnt": 12944,
        "yyyymm": "202104"
    },
    {
        "nat_cd": "275",
        "nat_name": "미국",
        "visit_cnt": 17278,
        "yyyymm": "202105"
    },
    {
        "nat_cd": "275",
        "nat_name": "미국",
        "visit_cnt": 18159,
        "yyyymm": "202106"
    },
    {
        "nat_cd": "275",
        "nat_name": "미국",
        "visit_cnt": 21775,
        "yyyymm": "202107"
    },
    {
        "nat_cd": "275",
        "nat_name": "미국",
        "visit_cnt": 20561,
        "yyyymm": "202108"
    },
    {
        "nat_cd": "275",
        "nat_name": "미국",
        "visit_cnt": 19227,
        "yyyymm": "202109"
    },
    {
        "nat_cd": "275",
        "nat_name": "미국",
        "visit_cnt": 21607,
        "yyyymm": "202110"
    },
    {
        "nat_cd": "275",
        "nat_name": "미국",
        "visit_cnt": 20123,
        "yyyymm": "202111"
    },
    {
        "nat_cd": "275",
        "nat_name": "미국",
        "visit_cnt": 16805,
        "yyyymm": "202112"
    }
]